origen,destino,linea,modo,tipo,tiempo_base_min,distancia_km,capacidad_pasajeros_hora,bidireccional
A01,A02,A,metro,via,3.09,1.57,35000,1
A02,A03,A,metro,via,3.31,1.699,35000,1
A03,A04,A,metro,via,4.39,2.327,35000,1
A04,A05,A,metro,via,2.65,1.314,35000,1
A05,A06,A,metro,via,3.27,1.674,35000,1
A06,A07,A,metro,via,2.69,1.334,35000,1
A07,A08,A,metro,via,1.43,0.601,35000,1
A08,A09,A,metro,via,1.44,0.608,35000,1
A09,A10,A,metro,via,2.47,1.209,35000,1
A10,A11,A,metro,via,1.22,0.481,35000,1
A11,A12,A,metro,via,1.44,0.605,35000,1
A12,A13,A,metro,via,1.29,0.522,35000,1
A13,A14,A,metro,via,2.45,1.197,35000,1
A14,A15,A,metro,via,4.34,2.299,35000,1
A15,A16,A,metro,via,4.55,2.42,35000,1
A16,A17,A,metro,via,3.32,1.702,35000,1
A17,A18,A,metro,via,2.88,1.445,35000,1
A18,A19,A,metro,via,3.23,1.651,35000,1
A19,A20,A,metro,via,2.57,1.269,35000,1
A20,A21,A,metro,via,2.08,0.982,35000,1
A11,B01,B,metro,via,1.95,0.904,35000,1
B01,B02,B,metro,via,2.34,1.133,35000,1
B02,B03,B,metro,via,1.12,0.419,35000,1
B03,B04,B,metro,via,2.65,1.31,35000,1
B04,B05,B,metro,via,1.74,0.784,35000,1
B05,B06,B,metro,via,2.62,1.298,35000,1
A04,K01,K,cable,via,2.79,0.837,3000,1
K01,K02,K,cable,via,1.93,0.579,3000,1
K02,K03,K,cable,via,2.71,0.814,3000,1
K03,L01,L,cable,via,17.2,5.161,3000,1
B06,J01,J,cable,via,2.76,0.829,3000,1
J01,J02,J,cable,via,2.86,0.857,3000,1
J02,J03,J,cable,via,3.04,0.911,3000,1
A04,P01,P,cable,via,3.11,0.932,3000,1
P01,P02,P,cable,via,3.29,0.987,3000,1
P02,P03,P,cable,via,3.06,0.918,3000,1
A11,T01,T,tranvia,via,2.66,0.678,3500,1
T01,T02,T,tranvia,via,3.0,0.78,3500,1
T02,T03,T,tranvia,via,2.61,0.664,3500,1
T03,T04,T,tranvia,via,2.61,0.664,3500,1
T04,T05,T,tranvia,via,2.72,0.697,3500,1
T05,T06,T,tranvia,via,2.22,0.546,3500,1
T06,T07,T,tranvia,via,2.15,0.524,3500,1
T07,T08,T,tranvia,via,1.96,0.469,3500,1
T05,M01,M,cable,via,2.37,0.711,3000,1
M01,M02,M,cable,via,1.9,0.571,3000,1
T08,H01,H,cable,via,1.73,0.518,3000,1
H01,H02,H,cable,via,1.78,0.534,3000,1
O01,O02,O,bus,via,3.92,1.253,2800,1
O02,O03,O,bus,via,3.5,1.101,2800,1
O03,O04,O,bus,via,3.22,0.998,2800,1
O04,O05,O,bus,via,2.6,0.768,2800,1
O05,O06,O,bus,via,1.96,0.535,2800,1
O06,O07,O,bus,via,3.07,0.941,2800,1
O07,O08,O,bus,via,2.33,0.671,2800,1
O08,O09,O,bus,via,6.06,2.039,2800,1
O09,O10,O,bus,via,4.71,1.544,2800,1
O10,O11,O,bus,via,3.68,1.166,2800,1
O11,O12,O,bus,via,3.11,0.958,2800,1
O08,A12,PEA,peatonal,transbordo_peatonal,4.0,0.318,99999,1
O09,A09,PEA,peatonal,transbordo_peatonal,5.0,0.687,99999,1
O07,A14,PEA,peatonal,transbordo_peatonal,5.0,1.01,99999,1
