id,nombre,linea,modo,latitud,longitud,direccion,tipo_estacion,accesibilidad,servicios
A01,Niquia,A,metro,6.3383,-75.5442,Cra 50 con Cll 52 - Bello,terminal,alta,"bicicletas_publicas;parqueadero;banos;taquilla"
A02,Bello,A,metro,6.3300,-75.5533,Cra 50 con Cll 44 - Bello,sencilla,alta,"taquilla;banos"
A03,Madera,A,metro,6.3178,-75.5586,Cra 51 con Cll 22 - Bello,sencilla,alta,"taquilla"
A04,Acevedo,A,metro,6.2996,-75.5586,Cll 93 con Cra 52 - Medellin,intercambio,alta,"taquilla;banos;cicloparqueadero"
A05,Tricentenario,A,metro,6.2905,-75.5634,Cra 55 con Cll 87 - Medellin,sencilla,alta,"taquilla"
A06,Caribe,A,metro,6.2790,-75.5697,Cra 65 con Cll 78 - Medellin,intercambio,alta,"taquilla;banos;terminal_norte"
A07,Universidad,A,metro,6.2694,-75.5656,Cra 52 con Cll 73 - Medellin,sencilla,alta,"taquilla;banos"
A08,Hospital,A,metro,6.2647,-75.5657,Cra 51 con Cll 67 - Medellin,sencilla,alta,"taquilla"
A09,Prado,A,metro,6.2600,-75.5664,Cra 51 con Cll 58 - Medellin,sencilla,media,"taquilla"
A10,Parque Berrio,A,metro,6.2508,-75.5686,Cra 51 con Cll 50 - Medellin,sencilla,alta,"taquilla;banos;comercio"
A11,San Antonio,A,metro,6.2472,-75.5697,Cra 51 con Cll 46 - Medellin,intercambio,alta,"taquilla;banos;comercio;informacion"
A12,Alpujarra,A,metro,6.2433,-75.5724,Cra 52 con Cll 44 - Medellin,sencilla,alta,"taquilla"
A13,Exposiciones,A,metro,6.2394,-75.5736,Cra 52 con Cll 41 - Medellin,sencilla,alta,"taquilla"
A14,Industriales,A,metro,6.2303,-75.5758,Cra 52 con Cll 30 - Medellin,intercambio,alta,"taquilla;banos"
A15,Poblado,A,metro,6.2124,-75.5775,Cra 48 con Cll 10 - Medellin,sencilla,alta,"taquilla;banos"
A16,Aguacatala,A,metro,6.1938,-75.5810,Cra 48 con Cll 5 Sur - Medellin,sencilla,alta,"taquilla;parqueadero"
A17,Ayura,A,metro,6.1836,-75.5896,Cra 48 con Cll 24 Sur - Envigado,sencilla,alta,"taquilla"
A18,Envigado,A,metro,6.1747,-75.5966,Cra 43 con Cll 37 Sur - Envigado,sencilla,alta,"taquilla;banos"
A19,Itagui,A,metro,6.1653,-75.6055,Cra 52 con Cll 36 - Itagui,sencilla,alta,"taquilla;banos"
A20,Sabaneta,A,metro,6.1573,-75.6114,Cra 48 con Cll 77 Sur - Sabaneta,sencilla,alta,"taquilla"
A21,La Estrella,A,metro,6.1530,-75.6178,Cra 50 con Cll 100 Sur - La Estrella,terminal,alta,"taquilla;banos;parqueadero"
B01,Cisneros,B,metro,6.2489,-75.5766,Cra 57 con Cll 46 - Medellin,sencilla,alta,"taquilla"
B02,Suramericana,B,metro,6.2528,-75.5846,Cra 65 con Cll 48 - Medellin,sencilla,alta,"taquilla"
B03,Estadio,B,metro,6.2536,-75.5878,Cra 70 con Cll 48 - Medellin,sencilla,alta,"taquilla;banos"
B04,Floresta,B,metro,6.2578,-75.5972,Cra 80 con Cll 47 - Medellin,sencilla,alta,"taquilla"
B05,Santa Lucia,B,metro,6.2569,-75.6033,Cra 83 con Cll 45 - Medellin,sencilla,media,"taquilla"
B06,San Javier,B,metro,6.2565,-75.6135,Cra 90 con Cll 44 - Medellin,intercambio,alta,"taquilla;banos;cicloparqueadero"
K01,Andalucia,K,cable,6.2967,-75.5527,Barrio Andalucia - Medellin,sencilla,media,"taquilla"
K02,Popular,K,cable,6.2960,-75.5482,Barrio Popular - Medellin,sencilla,media,"taquilla"
K03,Santo Domingo Savio,K,cable,6.2933,-75.5424,Barrio Santo Domingo - Medellin,intercambio,media,"taquilla;banos;biblioteca"
L01,Arvi,L,cable,6.2814,-75.5036,Parque Arvi - Santa Elena,terminal,media,"taquilla;banos;informacion_turistica"
J01,Juan XXIII,J,cable,6.2610,-75.6182,Barrio Juan XXIII - Medellin,sencilla,media,"taquilla"
J02,Vallejuelos,J,cable,6.2670,-75.6212,Barrio Vallejuelos - Medellin,sencilla,media,"taquilla"
J03,La Aurora,J,cable,6.2727,-75.6255,Barrio La Aurora - Medellin,terminal,media,"taquilla;banos"
P01,Sena,P,cable,6.3010,-75.5658,Barrio Pedregal - Medellin,sencilla,media,"taquilla"
P02,Doce de Octubre,P,cable,6.3020,-75.5735,Barrio Doce de Octubre - Medellin,sencilla,media,"taquilla"
P03,El Progreso,P,cable,6.3033,-75.5806,Barrio El Progreso - Medellin,terminal,media,"taquilla;banos"
T01,San Jose,T,tranvia,6.2478,-75.5644,Cll 49 Ayacucho con Cra 46 - Medellin,sencilla,alta,"taquilla"
T02,Pabellon del Agua EPM,T,tranvia,6.2451,-75.5589,Cll 49 Ayacucho con Cra 40 - Medellin,sencilla,alta,"taquilla"
T03,Bicentenario,T,tranvia,6.2433,-75.5540,Cll 49 Ayacucho con Cra 36 - Medellin,sencilla,alta,"taquilla"
T04,Buenos Aires,T,tranvia,6.2418,-75.5490,Cll 49 Ayacucho con Cra 32 - Medellin,sencilla,alta,"taquilla"
T05,Miraflores,T,tranvia,6.2404,-75.5437,Cll 49 Ayacucho con Cra 27 - Medellin,intercambio,alta,"taquilla;banos"
T06,Loyola,T,tranvia,6.2395,-75.5395,Cll 49 Ayacucho con Cra 23 - Medellin,sencilla,alta,"taquilla"
T07,Alejandro Echavarria,T,tranvia,6.2385,-75.5355,Cll 49 Ayacucho con Cra 20 - Medellin,sencilla,alta,"taquilla"
T08,Oriente,T,tranvia,6.2377,-75.5319,Cll 49 Ayacucho con Cra 18 - Medellin,intercambio,alta,"taquilla;banos"
M01,El Pinal,M,cable,6.2437,-75.5392,Barrio El Pinal - Medellin,sencilla,media,"taquilla"
M02,Trece de Noviembre,M,cable,6.2465,-75.5357,Barrio Trece de Noviembre - Medellin,terminal,media,"taquilla;banos"
H01,Las Torres,H,cable,6.2338,-75.5308,Barrio Las Torres - Medellin,sencilla,media,"taquilla"
H02,Villa Sierra,H,cable,6.2306,-75.5281,Barrio Villa Sierra - Medellin,terminal,media,"taquilla;banos"
O01,Universidad de Medellin,O,bus,6.2312,-75.6122,Cra 87 con Cll 30 - Medellin,terminal,alta,"taquilla;banos"
O02,Los Alpes,O,bus,6.2352,-75.6032,Cra 81 con Cll 32 - Medellin,sencilla,alta,"taquilla"
O03,Rosales,O,bus,6.2385,-75.5952,Cra 76 con Cll 33 - Medellin,sencilla,alta,"taquilla"
O04,Fatima,O,bus,6.2376,-75.5874,Cra 70 con Cll 32 - Medellin,sencilla,alta,"taquilla"
O05,La Palma,O,bus,6.2356,-75.5817,Cra 65 con Cll 31 - Medellin,sencilla,alta,"taquilla"
O06,Nutibara,O,bus,6.2330,-75.5784,Cra 57 con Cll 30 - Medellin,sencilla,alta,"taquilla"
O07,Perpetuo Socorro,O,bus,6.2359,-75.5716,Cra 48 con Cll 33 - Medellin,sencilla,alta,"taquilla"
O08,Plaza Mayor,O,bus,6.2411,-75.5723,Cra 48 con Cll 41 - Medellin,intercambio,alta,"taquilla;banos"
O09,Parque Bolivar,O,bus,6.2554,-75.5652,Cra 46 con Cll 54 - Medellin,sencilla,alta,"taquilla"
O10,Berlin,O,bus,6.2664,-75.5602,Cra 45 con Cll 68 - Medellin,sencilla,media,"taquilla"
O11,Manrique,O,bus,6.2747,-75.5564,Cra 45 con Cll 77 - Medellin,sencilla,media,"taquilla"
O12,Aranjuez,O,bus,6.2818,-75.5588,Cra 51 con Cll 93 - Medellin,terminal,media,"taquilla;banos"
